player_name,ADP,Round,Advance Rate,Points Added
A.J. Brown,20.99113917207291,2.1149212233549584,0.08642261353104727,88.40283441458139
A.J. Green,167.65005663304888,14.303258339798294,0.20480993017843288,87.69986811481769
AJ Dillon,104.87264056224899,9.177092987333952,0.1862063639172073,95.46870559159716
AJ McCarron,0.0,14.0,0.0,0.0
Aaron Jones,12.486159252394193,1.4348934198331789,0.17925548347235093,151.47928637627433
Aaron Parker,0.0,14.0,0.0,0.0
Aaron Rodgers,94.93681649675625,8.228452270620945,0.2039697250540624,178.51437133147977
Adam Humphries,212.13240915208615,17.44997756841633,0.13144908030506955,21.56653207716465
Adam Shaheen,0.0,18.0,0.0,9.2
Adam Thielen,49.047435897435896,4.495983935742972,0.2014210688909484,140.55842601173927
Adam Trautman,149.7848428290766,13.06728880157171,0.13793385723641127,28.13077111984283
Adrian Peterson,188.03774193548387,17.806451612903224,0.12903225806451613,16.135483870967743
Albert Okwuegbunam,175.4403125,17.875,0.125,31.384375
Albert Wilson,214.3777,17.5975,0.145,16.3745
Alex Collins,210.03916129032257,17.516129032258064,0.18064516129032257,41.998709677419356
Alexander Mattison,149.7942624343528,12.875656472042014,0.19678714859437751,71.78846926166203
Allen Lazard,199.91997315302774,16.79894600775579,0.1961817639455106,50.450303271353285
Allen Robinson,30.881332252085265,3.019848625270312,0.07630522088353414,30.9867547111523
Alvin Kamara,4.210284986098239,1.0,0.15268767377201112,159.22614303367317
Amari Cooper,32.70809391411801,3.0725980846462773,0.15122026567809702,113.09394501081248
Amari Rodgers,193.78563736263735,16.418543956043955,0.14038461538461539,0.5075137362637362
Ameer Abdullah,0.0,12.0,0.0,7.1
Amon-Ra St. Brown,166.71839851312632,14.405560288081778,0.17641136838844576,62.93209169054441
Andy Dalton,188.06806451612903,17.693548387096776,0.08064516129032258,21.850645161290323
Andy Isabella,176.2525,17.8,0.125,0.0
Anthony Firkser,168.94564228156108,14.574024332437984,0.13714646863643545,19.655893506083107
Anthony McFarland,211.9106470588235,17.511764705882353,0.09411764705882353,0.07529411764705883
Anthony Miller,213.21890839041095,17.443493150684933,0.14340753424657535,7.313527397260275
Anthony Schwartz,215.53270833333332,17.692708333333332,0.09114583333333333,7.512760416666667
Antoine Wesley,216.0,18.0,1.0,7.7
Antonio Brown,82.27666048810627,7.255251776336114,0.18921841210997836,76.87755637936361
Antonio Callaway,193.2157894736842,16.57894736842105,0.10526315789473684,0.0
Antonio Gandy-Golden,134.97875,17.625,0.125,0.0
Antonio Gibson,17.174187519308003,1.97505406240346,0.14697250540624035,136.4449026876738
Antonio Williams,0.0,18.0,0.0,0.0
Auden Tate,215.08269387755104,17.76326530612245,0.11428571428571428,3.4869387755102044
Austin Ekeler,12.052299969107198,1.38693234476367,0.29440840284213776,234.64833951189374
Austin Hooper,181.77539057608016,15.542658108954289,0.17078897933625548,44.23186443331247
Austin Watkins,167.8011111111111,17.444444444444443,0.1111111111111111,0.0
Baker Mayfield,153.6246611544703,13.268680936558226,0.14002009118306158,55.8735940035546
Ben Roethlisberger,183.97138669301714,15.572793148880105,0.16781949934123847,72.79761528326746
Benny Snell,199.70987341772152,17.31645569620253,0.13924050632911392,0.669620253164557
Blaine Gabbert,0.0,17.0,0.0,0.84
Blake Bell,0.0,10.0,0.0,0.0
Blake Jarwin,176.1853229646088,15.152436121250595,0.12775749880971274,12.178059038247897
Boston Scott,210.80643531633618,17.254957507082153,0.16147308781869688,45.28550519357885
Brady White,215.91,18.0,0.0,0.0
Brandin Cooks,90.93710225517455,8.061476675934507,0.18643805993203583,120.42979610750695
Brandon Aiyuk,52.872998918751925,4.859437751004016,0.12102255174544331,82.82106889094841
Braxton Berrios,54.0,18.0,0.0,27.6
Breshad Perriman,165.37394340872527,14.202990441941894,0.13750354878395005,11.782322324216901
Brevin Jordan,165.7309375,17.8125,0.125,26.446875
Brian Hill,183.57150000000001,17.9,0.25,0.0
Bryan Edwards,150.96528459691783,13.001084178734608,0.1496166653759777,52.262990784480756
Brycen Hopkins,0.0,18.0,0.0,0.0
Byron Pringle,195.21959537572255,16.425237212345948,0.1619587741302214,42.45993019958556
C.J. Ham,143.96333333333334,15.666666666666666,0.0,3.1666666666666665
C.J. Uzomah,214.58898630136986,17.682191780821917,0.17945205479452056,69.67945205479452
Cade Johnson,0.0,17.333333333333332,0.0,0.0
Caleb Huntley,134.99,17.375,0.0625,0.0
Calvin Ridley,16.747263670064875,1.9056224899598393,0.08549582947173309,46.651776336113684
Cam Akers,10.680849223510911,1.1993316296441912,0.039512482799292314,0.0
Cam Newton,209.73103325717187,17.116780908860118,0.14394516374714394,29.184259964457986
Cam Sims,173.68673913043477,17.58695652173913,0.1956521739130435,21.07391304347826
Cameron Brate,147.24045454545455,17.818181818181817,0.18181818181818182,20.35909090909091
Carlos Hyde,205.75715384615384,17.05025641025641,0.13333333333333333,18.588051282051282
Carson Wentz,175.91479447410796,15.025764895330113,0.20205102127298924,93.9133757098059
Cary Angeline,215.99,18.0,0.0,0.0
Cedrick Wilson,213.6844776119403,17.73134328358209,0.12437810945273632,44.067761194029856
CeeDee Lamb,29.41765214704974,2.9137318504788383,0.15878900216249614,153.6783982082175
Chad Beebe,129.572,17.7,0.2,0.0
Chad Hansen,0.0,18.0,0.0,0.0
Chad Henne,0.0,18.0,0.0,0.0
Chase Claypool,59.1074312635156,5.372644423849243,0.1523015137472969,88.31746987951809
Chase Edmonds,74.48252548656163,6.691149212233549,0.12333951189372876,71.51981000926784
Chester Rogers,0.0,18.0,0.0,22.6
Chris Carson,37.13372412727835,3.5832561013283906,0.08997528575841829,39.105383070744516
Chris Conley,210.29946619217083,17.679715302491104,0.1387900355871886,22.029537366548045
Chris Evans,214.09127413127413,17.644787644787645,0.15057915057915058,14.791119691119691
Chris Godwin,41.1497327772629,3.92840593141798,0.2738646895273401,173.3177170219339
Chris Herndon,201.9704668726399,16.951253003776177,0.12358393408856849,5.587881908685204
Chris Hogan,185.0957142857143,17.857142857142858,0.14285714285714285,2.142857142857143
Chris Manhertz,0.0,18.0,0.0,0.8
Christian Blake,89.9925,17.833333333333332,0.16666666666666666,0.18333333333333335
Christian Kirk,165.77709019244145,14.252569750367106,0.21725017389288198,106.82308524615503
Christian McCaffrey,1.039491813407476,1.0,0.10356811862835959,103.04331170837196
Chuba Hubbard,186.33947634990128,15.838097690788908,0.17409219675508628,70.82856897587776
Clyde Edwards-Helaire,22.815535990114302,2.2945628668520235,0.09414581402533209,80.12590361445783
Cole Beasley,132.79852552714914,11.548930254112921,0.1922453077933112,77.10492005870086
Cole Kmet,167.24890057213545,14.399025823411165,0.15122931807638781,38.73490799443328
Colin Kaepernick,215.93,18.0,0.0,0.0
Collin Johnson,212.62652575957728,17.635402906208718,0.09379128137384413,3.4376486129458383
Cooper Kupp,42.492744053135624,3.959762125424776,0.482159406858202,268.61260426320666
Cordarrelle Patterson,216.18873177842565,17.667638483965014,0.3236151603498542,167.0027696793003
Corey Clement,215.8978260869565,17.608695652173914,0.13043478260869565,3.560869565217391
Corey Davis,102.61220420142108,8.932421995675007,0.1445010812480692,74.58128668520234
Cornell Powell,214.98538788522848,17.582359192348566,0.12539851222104145,0.0
Courtland Sutton,68.38015755329009,6.221733086190918,0.15863453815261044,80.3737874575224
Curtis Samuel,90.30216017917824,8.087658325610132,0.09445474204510348,0.8371331479765215
D'Andre Swift,33.27205591597158,3.2933271547729377,0.18566573988260734,148.9830861909175
D'Ernest Johnson,71.99666666666667,16.5,0.3333333333333333,53.96666666666667
D'Onta Foreman,176.68727272727273,17.636363636363637,0.0,30.60909090909091
D'Wayne Eskridge,199.26533872598583,16.761577350859454,0.13245702730030334,10.563538928210313
D.J. Chark,78.51288229842447,7.0356039542786535,0.11067346308310164,27.013708680877354
D.J. Foster,0.0,17.0,0.0,0.0
DJ Moore,41.41253552672227,3.947096076614149,0.15338276181649677,135.79430800123572
DK Metcalf,20.85321748532592,2.106734630831016,0.11893728761198641,135.5524482545567
Dak Prescott,62.767511584800744,5.686901451961693,0.13932653691689836,166.40124189063945
Dallas Goedert,97.69033673154155,8.716790237874575,0.18164967562557924,92.66126042632067
Dalton Schultz,213.99134045077108,17.495255041518387,0.20462633451957296,86.60753262158956
Dalvin Cook,2.1464141180105036,1.0,0.16504479456286686,156.83062248995984
Damien Harris,82.70894655545257,7.323911028730306,0.19060858819894966,118.95440994748223
Damien Williams,181.71931811615138,15.298757584513146,0.14282962534912838,29.255870172397188
Damiere Byrd,168.3637288135593,17.779661016949152,0.2033898305084746,19.883050847457625
Dan Arnold,210.8116491445063,17.416615130900844,0.16594516594516595,40.40094825809111
Daniel Jones,177.23354129190514,15.190433360588717,0.16116107931316434,84.68278822567457
Danny Amendola,215.99,17.0,0.0,22.8
Dare Ogunbowale,215.9875,17.5,0.0,1.55
Darius Slayton,196.65530077478888,16.61486898232785,0.16026812918951858,22.641681901279707
Darnell Mooney,101.7052888476985,8.867701575532902,0.1821902996601792,100.70871949335805
Darrel Williams,210.9301688815061,17.180232558139537,0.2261904761904762,106.35639534883721
Darrell Daniels,0.0,18.0,0.0,0.0
Darrell Henderson,86.22029039233858,7.365384615384615,0.21833487797343218,129.34419215322828
Darren Fells,0.0,18.0,0.0,0.0
Darren Waller,22.206509113376583,2.218952734012975,0.1120636391720729,93.48759654000617
Darrius Shepherd,0.0,16.0,0.0,0.0
Darrynton Evans,195.75192712371248,16.50359951268136,0.12747812603832095,1.2575035995126813
Darwin Thompson,173.96937499999999,17.875,0.0625,0.0
Daurice Fountain,107.985,18.0,0.5,0.0
Davante Adams,11.683928019771393,1.4077849860982392,0.2159406858202039,192.31939295644116
David Blough,0.0,13.0,0.0,0.0
David Johnson,147.66271955573185,12.916620388734628,0.1474018246727489,26.433621578738595
David Montgomery,39.25535526722274,3.7177942539388322,0.1392493049119555,100.59691844300278
David Moore,207.11354166666666,17.680555555555557,0.10416666666666667,0.0
David Njoku,215.2639104477612,17.45671641791045,0.191044776119403,49.63283582089552
Davis Mills,107.985,17.416666666666668,0.16666666666666666,35.47
Dawson Knox,210.55286191318015,17.369279120015715,0.2584953840109998,97.0151640149283
Dazz Newsome,204.97084033613444,17.630252100840337,0.12605042016806722,0.0
DeAndre Hopkins,16.837405776953972,1.929255483472351,0.11499845535990114,114.5545798578931
DeSean Jackson,193.2793364809038,16.373324340274852,0.18708371975381502,35.107781805918556
DeVante Parker,110.64715455317834,9.637136016065497,0.12080018537112845,45.77845833011508
DeVonta Smith,74.75819817732469,6.6729224590670375,0.1857429718875502,98.92517763361137
Dede Westbrook,211.26778325123152,17.61576354679803,0.1724137931034483,0.8073891625615763
DeeJay Dallas,193.77320512820512,17.602564102564102,0.15384615384615385,16.27051282051282
Deebo Samuel,72.15905081865925,6.459453197405004,0.3333333333333333,201.43211306765522
Demarcus Robinson,194.4414573346117,16.384084372003834,0.15599232981783318,24.285100671140942
Demetric Felton,157.07545454545453,17.272727272727273,0.18181818181818182,15.881818181818181
Denzel Mims,175.5179680193091,14.998642329159752,0.1310906622416654,3.519067732689697
Deon Cain,0.0,18.0,0.0,0.0
Deonte Harris,214.27909909909908,17.55855855855856,0.16576576576576577,65.59045045045045
Derek Carr,186.7851179990028,15.957121489114176,0.1795745388067143,93.03145587502078
Derek Carrier,0.0,12.0,0.0,0.0
Derrick Gore,215.97000000000003,16.666666666666668,0.0,29.333333333333332
Derrick Henry,3.933464627741736,1.0,0.1987179487179487,179.4834182885388
Derrius Guice,53.995,18.0,0.0,0.0
Deshaun Watson,195.40160502159827,16.28982181425486,0.13107451403887688,0.0
Devin Asiasi,0.0,17.0,0.0,0.0
Devin Duvernay,213.23878962536023,17.587896253602306,0.15273775216138327,28.887608069164266
Devin Funchess,209.61231884057972,17.3768115942029,0.14492753623188406,0.0
Devin Singletary,142.74139017608897,12.32622798887859,0.1784059314179796,69.36983317886933
Devin Smith,0.0,12.0,0.0,0.0
Devine Ozigbo,0.0,17.5,0.0,0.45
Devonta Freeman,181.84894736842105,17.157894736842106,0.15789473684210525,87.7421052631579
Devontae Booker,209.45456544780075,17.111552729199786,0.21250662427133016,82.16558028616853
Dez Fitzpatrick,213.001098546042,17.502423263327948,0.15508885298869143,10.073505654281098
Dillon Stoner,0.0,12.0,0.0,0.0
Diontae Johnson,50.62821902996602,4.660642570281125,0.22381835032437442,169.4796339202966
Donald Parham,212.03417425227568,17.42295188556567,0.17685305591677503,33.647334200260076
Donovan Peoples-Jones,197.439284266334,16.724621861843133,0.18213004833931076,58.22605644784033
Drew Brees,0.0,11.5,0.5,0.0
Drew Lock,214.14683192261185,17.466747279322853,0.09552599758162031,0.06534461910519951
Drew Sample,197.85943396226415,17.77358490566038,0.1320754716981132,3.9773584905660373
Duke Johnson,154.1812244897959,17.489795918367346,0.16326530612244897,0.1836734693877551
Durham Smythe,0.0,17.0,0.0,14.1
Dwayne Haskins,215.92,16.5,0.0,0.0
Dyami Brown,177.03864696734058,15.183359253499223,0.12511664074650078,1.724346811819596
Elijah Mitchell,213.4882162921348,17.21629213483146,0.25280898876404495,104.28820224719101
Elijah Moore,113.08889163512782,9.87641924770217,0.20352205144048816,102.87009345794391
Emmanuel Sanders,143.1100023171391,12.284158492314821,0.21255889395226693,81.82126361319224
Eno Benjamin,210.57298804780876,17.561752988047807,0.15139442231075698,11.039043824701196
Equanimeous St. Brown,53.985,17.25,0.5,6.025
Eric Ebron,197.29345606694562,16.61348210134821,0.14300325430032543,16.1078010227801
Eric Saubert,215.91,18.0,0.0,0.8
Ethan Wolf,0.0,18.0,0.0,0.0
Evan Engram,145.59657036922601,12.563649003553222,0.1566507029198208,44.689525722230805
Ezekiel Elliott,6.249491041087427,1.0043249922767996,0.13260735248687056,168.92639481000927
Foster Moreau,179.34694915254235,17.54237288135593,0.1016949152542373,33.342372881355935
Frank Darby,205.96276923076923,17.73846153846154,0.16923076923076924,0.26307692307692304
Freddie Swain,186.48969696969698,17.696969696969695,0.18181818181818182,34.17424242424242
Gabriel Davis,131.26850864998454,11.422304603027495,0.1556997219647822,55.20187673772011
Gardner Minshew,132.8969230769231,16.846153846153847,0.15384615384615385,5.812307692307693
Gary Brightwell,0.0,18.0,0.0,0.0
Geoff Swaim,207.28599999999997,17.8,0.08,29.451999999999998
George Kittle,26.023088507877667,2.7251312944084027,0.19385233240654928,130.01717639789928
Gerald Everett,147.6135251409593,12.746504981849077,0.15578898586545145,44.160685873175254
Gerrid Doaks,209.357972027972,17.615384615384617,0.16083916083916083,0.0
Giovani Bernard,177.13669337832138,15.141881062842682,0.16018557570645298,32.84506115563054
Golden Tate,156.472,17.35,0.1,0.0
Greg Ward,197.89385416666667,17.59375,0.15625,8.75
Gus Edwards,108.11767745423651,9.38132385880899,0.1034988800494323,0.0
Hakeem Butler,0.0,18.0,0.0,0.0
Harrison Bryant,206.6469014084507,17.598591549295776,0.07746478873239436,14.10492957746479
Hayden Hurst,210.10368994413406,17.362011173184356,0.14972067039106146,20.11603351955307
Henry Ruggs,121.21500540624034,10.530274945937597,0.14156626506024098,57.50502780352178
Hunter Henry,164.48124516926882,14.12637192765497,0.20629154428814345,78.10626835677849
Hunter Long,86.364,17.5,0.0,0.13
Hunter Renfrow,211.50575880758808,17.44850948509485,0.28477868112014454,131.31594399277327
Ian Thomas,134.95291666666665,17.125,0.08333333333333333,6.6875
Ihmir Smith-Marsette,213.51760797342195,17.74418604651163,0.1362126245847176,0.06578073089700998
Irv Smith,127.82909703504043,11.18867924528302,0.12560646900269543,0.0
Isaiah Hodgins,183.5525,17.75,0.25,0.0
Isaiah McKenzie,213.21188,17.636,0.156,9.0076
Isaiah Zuber,107.985,18.0,0.0,0.0
J.D. McKissic,159.41723668959122,13.79051077969245,0.20508461479020168,82.53684413878372
J.J. Arcega-Whiteside,107.97749999999999,16.5,0.0,0.7
J.J. Taylor,211.60663793103447,17.344827586206897,0.15517241379310345,15.061206896551724
J.K. Dobbins,32.22880709701774,3.1579841449603623,0.07606644016610041,0.0
Ja'Marr Chase,48.14273401297498,4.4245443311708375,0.22520852641334568,180.9674235403151
JaMycal Hasty,215.80018518518517,17.61111111111111,0.16666666666666666,10.95
Jace Sternberger,0.0,17.0,0.5,0.0
Jack Doyle,214.82944700460828,17.682027649769584,0.23963133640552994,37.48479262672811
Jacob Eason,185.01,17.428571428571427,0.2857142857142857,0.0
Jacob Harris,210.91477528089888,17.5561797752809,0.1797752808988764,0.0
Jacob Hollister,188.36702127659575,17.361702127659573,0.10638297872340426,5.15531914893617
Jacoby Brissett,0.0,18.0,0.0,20.3
Jaelon Darden,185.109756097561,17.658536585365855,0.12195121951219512,1.2634146341463415
Jake Butt,0.0,14.0,0.0,0.0
Jake Funk,210.14066838046273,17.41388174807198,0.12339331619537275,0.010796915167095116
Jake Kumerow,205.1745,17.8,0.05,0.0
Jake Lampman,0.0,18.0,0.0,0.0
Jakeem Grant,30.857142857142858,17.714285714285715,0.0,33.92857142857143
Jakobi Meyers,149.33673499031633,12.695771465461588,0.1698676565526146,74.1010329244674
Jalen Guyton,213.15433308214017,17.500376789751318,0.21703089675960813,37.08183873398644
Jalen Hurd,216.00148880105402,17.718050065876152,0.11330698287220026,0.0
Jalen Hurts,94.1275046339203,8.338507877664505,0.1708371949335805,193.31407012666048
Jalen Reagor,134.28223509422304,11.690685820203893,0.13453815261044177,27.160132839048497
Jamaal Williams,135.9594916956354,11.782309772112784,0.17296253379683274,55.33816917728853
Jamal Agnew,0.0,18.0,0.0,37.0
Jameis Winston,183.84535474452554,15.407980535279805,0.13343065693430656,54.94999513381996
James Conner,112.87980228606735,9.913268458449181,0.3566573988260735,193.07791164658633
James O'Shaughnessy,201.0448275862069,17.310344827586206,0.13793103448275862,9.23103448275862
James Proche,215.97636363636363,17.09090909090909,0.09090909090909091,7.818181818181818
James Robinson,79.2827795798579,6.8924930491195555,0.1987179487179487,121.8035140562249
James Washington,215.39158974358972,17.625641025641027,0.14153846153846153,32.11425641025641
James White,175.28389137692372,14.972884944222784,0.14607930950248352,19.752967999348588
Jamison Crowder,168.48607852229694,14.441069634438518,0.18216245459463637,59.43042739006106
Jared Cook,166.42393691046854,14.280269058295964,0.20380392763259625,58.554004948198546
Jared Goff,207.10567039908128,17.126902095894344,0.1635084697100201,63.24389032443296
Jaret Patterson,213.10344473007714,17.46529562982005,0.12082262210796915,5.186375321336761
Jarrett Stidham,0.0,1.0,0.0,0.0
Jarvis Landry,92.76917825146741,8.15345999382144,0.14604572134692617,59.5414813098548
Jauan Jennings,107.99000000000001,18.0,0.25,6.575
Javian Hawkins,209.47661096256684,17.141711229946523,0.14772727272727273,0.0
Javonte Williams,63.55748532591906,5.734090206981773,0.20312017299969107,120.5097312326228
Jaylen Waddle,94.91546339202965,8.34167438986716,0.21810318195860365,127.08158789002162
Jeff Wilson,164.78735372340424,14.36968085106383,0.14893617021276595,7.8555851063829785
Jeremy McNichols,188.97875,15.875,0.375,19.1
Jerick McKinnon,205.65091918568785,16.85410240592227,0.1352560148056755,4.749629858112276
Jermar Jefferson,202.13587301587302,17.41269841269841,0.15873015873015872,18.165079365079368
Jerry Jeudy,65.92163500154464,5.887241272783442,0.10264133456904541,40.65231696014828
Jesper Horsted,191.90666666666664,16.11111111111111,0.1111111111111111,6.7
Jesse James,215.9725,17.75,0.75,12.175
Jimmy Garoppolo,214.98746090156394,17.45446182152714,0.17571297148114076,90.91238270469181
Jimmy Graham,215.73724719101125,17.51123595505618,0.15730337078651685,15.516573033707864
Jody Fortson,107.99,17.833333333333332,0.0,7.2
Joe Burrow,107.47655545257955,9.399830089589125,0.15932962619709606,141.20308464627743
Joe Flacco,0.0,18.0,0.0,0.0
Joe Mixon,17.916128359592214,1.989341983317887,0.2242817423540315,194.92893883225207
Joe Reed,0.0,18.0,0.0,0.0
John Bates,0.0,14.0,0.0,9.7
John Brown,163.71887995292272,14.144958807375442,0.13387602981561397,0.0
John Hightower,0.0,18.0,0.0,0.0
John Kelly,0.0,15.0,0.0,1.3
John Ross,163.8437931034483,17.79310344827586,0.10344827586206896,25.75862068965517
John Ursua,0.0,18.0,0.0,0.0
Johnny Football,215.93,18.0,1.0,0.0
Jonathan Taylor,11.475251004016064,1.4403768921841211,0.42971887550200805,274.88802903923386
Jonathan Ward,107.995,18.0,0.0,0.0
Jonnu Smith,142.6794423849243,12.294949026876738,0.142570281124498,25.27055143651529
Jordan Akins,213.49016366612113,17.775777414075286,0.12111292962356793,14.401963993453355
Jordan Howard,107.97,18.0,0.0,38.1
Jordan Love,212.31571428571428,17.525,0.2,4.238571428571428
Jordan Matthews,216.0,18.0,0.0,0.0
Josh Adams,0.0,16.0,0.0,0.0
Josh Allen,48.41220188446091,4.421686746987952,0.2204201421068891,249.34085727525485
Josh Gordon,199.74124999999998,17.85,0.05,4.4350000000000005
Josh Imatorbhebhe,71.98666666666666,17.666666666666668,0.0,0.0
Josh Jacobs,52.92293636082793,4.906703738029039,0.18759654000617856,119.22843682421995
Josh Oliver,61.714285714285715,17.714285714285715,0.2857142857142857,0.7142857142857143
Josh Reynolds,194.8490561315695,16.278333929209868,0.13979263496603503,27.66501608866643
Josh Rosen,0.0,10.0,0.0,0.0
Joshua Kelley,215.29678832116787,17.498783454987834,0.12165450121654502,3.2776155717761557
Joshua Palmer,197.44939753689115,16.572506379673804,0.17330522578497726,25.29682680572506
JuJu Smith-Schuster,78.8921014828545,7.008649984553599,0.12488415199258572,15.336322211924623
Julian Edelman,0.0,17.0,0.0,0.0
Julio Jones,40.314669447018844,3.871254247760272,0.07869941303676244,32.01424930491196
Justice Hill,198.51689486552567,16.89853300733496,0.11735941320293398,0.0
Justin Fields,129.42546184738956,11.20690454124189,0.11777880753784369,55.61246987951807
Justin Herbert,77.54254247760272,6.919678714859438,0.29131912264442383,233.53581402533212
Justin Jackson,211.58343056696796,17.241988496302383,0.14174198849630237,10.294617912900575
Justin Jefferson,23.71116079703429,2.355344454742045,0.2505406240345999,206.50559159715786
Juwan Johnson,213.0050512445095,17.415812591508054,0.13469985358711567,24.857393850658855
K.J. Osborn,203.97333333333333,17.88888888888889,0.3333333333333333,70.39444444444445
KJ Hamler,187.68657390123875,15.913965722043102,0.13439674189716613,0.7719752248430342
Kadarius Toney,192.10893306825713,16.232162580075105,0.170311464546057,44.29230837199028
Kaden Smith,0.0,17.5,0.5,0.0
Kahale Warring,0.0,18.0,1.0,0.0
Kalen Ballage,176.65363636363637,17.545454545454547,0.2727272727272727,0.7181818181818183
Kalif Raymond,208.78295081967212,17.78688524590164,0.16393442622950818,53.70327868852459
Kareem Hunt,65.08569045412419,5.9087890021624965,0.14025332097621254,89.35967717021934
Kawaan Baker,0.0,18.0,0.0,0.0
Ke'Shawn Vaughn,204.6474025974026,17.350649350649352,0.11688311688311688,1.1584415584415584
KeeSean Johnson,107.98,18.0,0.0,0.0
Keelan Cole,211.63269505851756,17.432704811443433,0.1482444733420026,21.66768530559168
Keenan Allen,27.24220188446092,2.8671609514983007,0.20675007723200495,146.3281278962002
Keke Coutee,215.27949090909092,17.57090909090909,0.09272727272727273,0.22545454545454546
Kellen Mond,168.75684210526316,17.842105263157894,0.05263157894736842,0.0
Kelvin Harmon,43.198,17.8,0.0,0.0
Kendrick Bourne,214.73670461013091,17.591918042117246,0.25384177575412636,93.64775184974388
Kene Nwangwu,125.97333333333334,17.75,0.16666666666666666,6.845833333333334
Kenneth Gainwell,195.48249542403906,16.393227577791336,0.18080130160667074,64.3572605247102
Kenny Golladay,62.42009422304603,5.747991967871486,0.10619400679641644,33.96866697559469
Kenyan Drake,126.09275795489651,11.00409329626197,0.1784059314179796,65.95206209453198
Kerryon Johnson,180.36837209302325,17.372093023255815,0.11627906976744186,0.0
Khadarel Hodge,107.995,18.0,0.0,0.0
Khalil Herbert,204.28806451612905,17.440860215053764,0.16129032258064516,44.920430107526876
Khari Blasingame,215.99,18.0,0.0,0.0
Kirk Cousins,151.03824252260608,13.149702449957493,0.23765360537908647,154.28633742947676
Kristian Wilkerson,0.0,18.0,0.0,0.0
Kyle Allen,0.0,17.0,0.0,0.0
Kyle Juszczyk,137.43727272727273,17.272727272727273,0.09090909090909091,17.572727272727274
Kyle Pitts,47.84752316960148,4.338353413654619,0.12990423231387085,92.14822366388631
Kyle Rudolph,190.69,17.383333333333333,0.13333333333333333,22.418333333333333
Kyle Trask,0.0,18.0,0.0,0.0
Kylen Granson,202.87144578313251,17.734939759036145,0.1566265060240964,3.8650602409638557
Kyler Murray,54.1168219029966,4.925239419215323,0.1377818968180414,186.05879981464318
Kylin Hill,210.70080291970802,17.62043795620438,0.06569343065693431,0.12846715328467154
La'Mical Perine,202.09157894736845,17.13157894736842,0.10526315789473684,1.1368421052631579
Lamar Jackson,54.80428714859438,4.959916589434662,0.17925548347235093,188.168405931418
Laquon Treadwell,0.0,18.0,0.0,26.6
Larry Fitzgerald,161.995,15.25,0.0,0.0
Larry Rountree,214.3662580645161,17.453225806451613,0.12096774193548387,5.359838709677419
Latavius Murray,140.48406059164088,12.291379173606154,0.14679990482988342,41.336497739709735
Laviska Shenault,78.69746679023788,6.982313870868087,0.09514983008958913,44.13443002780352
Le'Veon Bell,213.83871641791046,16.87313432835821,0.15671641791044777,13.889253731343285
LeSean McCoy,0.0,17.0,0.0,0.0
Leonard Fournette,114.4322312326228,10.083719493358048,0.3713314797652147,175.54536607970343
Lil'Jordan Humphrey,208.34655172413792,17.43103448275862,0.13793103448275862,18.03448275862069
Logan Thomas,99.9873640716713,8.632066728452271,0.11067346308310164,37.821316033364226
Luke Farrell,0.0,18.0,0.0,0.0
Lynn Bowden,215.54326484018264,17.5,0.12557077625570776,0.0
Mac Jones,199.38951178451177,16.41269841269841,0.16354016354016354,56.40424723424723
Mack Hollins,0.0,18.0,1.0,40.3
Malcolm Brown,200.92251433121018,16.694745222929935,0.1449044585987261,6.910716560509553
Marcedes Lewis,0.0,18.0,0.0,24.4
Marcus Johnson,123.41285714285713,16.714285714285715,0.2857142857142857,16.585714285714285
Marcus Mariota,146.52357142857142,17.678571428571427,0.03571428571428571,0.2464285714285714
Mark Andrews,59.47698331788693,5.394037689218412,0.2845227062094532,153.6317732468335
Mark Ingram,213.16212765957448,17.01017576318224,0.17206290471785385,63.75809435707678
Marlon Mack,211.4807944191344,17.22779043280182,0.1520501138952164,2.1499715261958996
Marqise Lee,0.0,12.0,0.0,0.0
Marquez Callaway,148.1428625110522,12.27707780725022,0.17296640141467728,72.87452475685234
Marquez Stevenson,129.584,17.4,0.2,0.0
Marquez Valdes-Scantling,174.21939393939394,14.81763085399449,0.1711137347500984,40.36404565131838
Marquise Brown,98.08597157862218,8.620868087735557,0.2458294717330862,139.35190763052208
Marquise Goodwin,210.36412621359224,17.660194174757283,0.10922330097087378,23.920873786407768
Marvin Jones,113.04729301822677,9.867469879518072,0.14519616929255483,80.40305066419523
Matt Breida,211.8633628318584,17.331858407079647,0.12389380530973451,28.922123893805313
Matt Ryan,135.30155545257955,11.788461538461538,0.1398671609514983,92.40843064565956
Matthew Stafford,109.16433657707755,9.545875810936051,0.26050355267222736,193.62519925857276
Maxx Williams,179.07634146341465,17.21951219512195,0.12195121951219512,27.831707317073167
Mecole Hardman,97.38533132530121,8.449876428792091,0.11824219956750077,45.329440840284214
Mekhi Sargent,215.87941176470588,16.58823529411765,0.058823529411764705,0.029411764705882353
Melvin Gordon,107.81248532591907,9.489650911337659,0.22806611059623108,126.40415508186592
Michael Carter,94.018921841211,8.361291319122644,0.1743898671609515,95.17218103181958
Michael Gallup,79.65030661105962,7.101714550509731,0.12156317578004325,33.54037689218412
Michael Pittman,99.49871476017611,8.675214335367267,0.22831543987024022,136.16698076774543
Michael Thomas,58.499249304911956,5.610827927092988,0.08835341365461848,0.0
Mike Boone,209.80082191780824,17.36986301369863,0.136986301369863,3.797945205479452
Mike Davis,56.691878282360214,5.1577077540932965,0.11662032746370096,71.29980691998765
Mike Evans,36.85198563484708,3.4565956132221194,0.30298115539079395,176.40495057151685
Mike Gesicki,124.86700185356811,10.787534754402225,0.19616929255483473,95.16182421995676
Mike Strachan,202.03948717948717,17.653846153846153,0.07692307692307693,0.18461538461538463
Mike Thomas,0.0,15.25,0.0,0.0
Mike Williams,85.58254016064257,7.547806611059623,0.2916280506641952,148.77983472350942
Miles Boykin,129.58800000000002,17.8,0.0,0.11000000000000001
Miles Sanders,43.901584800741425,4.14805375347544,0.08866234167438987,56.95221655854186
Mitchell Trubisky,147.24045454545455,17.681818181818183,0.18181818181818182,0.0
Mo Alie-Cox,207.93434572245437,17.254453485814825,0.15724653617769957,41.64473279085111
Mohamed Sanu,201.51416666666668,17.583333333333332,0.08333333333333333,5.461666666666667
Myles Gaskin,64.40769908086816,5.870935351818954,0.16343554491387965,110.5171004865992
N'Keal Harry,213.86309815950918,17.484662576687118,0.12576687116564417,4.126993865030675
Najee Harris,18.971583378388814,2.032362709507994,0.2469297906851008,202.64479029891095
Nathan Peterman,216.0,16.0,0.0,0.0
Nelson Agholor,135.82535449490268,11.847698486252703,0.15801668211306766,51.270188446092064
Nick Boyle,0.0,18.0,0.0,0.0
Nick Chubb,13.692900061785606,1.6466635773864688,0.16071980228606736,139.8004402224282
Nick Mullens,0.0,18.0,0.0,0.0
Nick Vannett,215.93,17.5,0.5,8.8
Nico Collins,200.82714691846888,16.885673672454057,0.1381866179307544,18.348837445425932
Noah Brown,0.0,17.5,0.5,6.5
Noah Fant,103.50506024096386,9.101791782514674,0.1580939141180105,76.05097312326228
Noah Gray,211.21097872340425,17.73191489361702,0.16595744680851063,5.217872340425532
Nyheim Hines,139.71687210379983,12.18952734012975,0.16419524250849551,55.731302131603336
O.J. Howard,211.60396699819168,17.3996383363472,0.16478300180831826,15.994077757685353
Odell Beckham,59.69240423231387,5.383379672536299,0.13708680877355575,57.50535990114304
Olabisi Johnson,0.0,18.0,0.0,0.0
Olamide Zaccheaus,201.7732371705964,16.91095700416089,0.14646324549237172,35.15959778085992
Parris Campbell,150.9271489263093,13.04727328904681,0.1439054534219064,15.91832998609609
Pat Freiermuth,201.10241416309015,16.693401287553648,0.2092274678111588,77.9556330472103
Patrick Mahomes,34.93605189990732,3.2781124497991967,0.1424158171146123,208.98426166203276
Patrick Ricard,143.99666666666667,18.0,0.0,3.6666666666666665
Peyton Barber,86.392,17.4,0.0,22.639999999999997
Pharaoh Brown,30.85571428571429,17.714285714285715,0.14285714285714285,4.1
Phillip Dorsett,123.41571428571429,17.714285714285715,0.14285714285714285,0.19999999999999998
Phillip Lindsay,171.86607461734695,14.68391262755102,0.14142219387755103,13.419236288265306
Phillip Walker,143.98666666666665,16.333333333333332,0.3333333333333333,1.7466666666666668
Pooka Williams,123.40714285714286,16.857142857142858,0.0,0.0
Preston Williams,214.54326086956522,17.660326086956523,0.1766304347826087,6.200271739130434
Qadree Ollison,212.71406583629894,17.500889679715304,0.11921708185053381,2.4201067615658367
Quez Watkins,196.63630699450943,16.639293387443303,0.16805920267366914,32.28605872523275
Quintez Cephus,213.95893868921777,17.53107822410148,0.1463002114164905,29.174714587737842
Racey McMath,161.9925,17.5,0.0,0.0
Raheem Mostert,83.78603568118629,7.417207290701267,0.09430027803521779,0.07723200494284832
Rakeem Boyd,216.0,18.0,0.0,0.0
Randall Cobb,163.0029519204942,13.87187751813054,0.19231802309965082,53.725141015310236
Rashaad Penny,180.25002780767852,15.397649802655184,0.1637064944384643,31.421438823107284
Rashard Higgins,214.46744500846023,17.579244218838127,0.11449520586576424,15.393119007332205
Rashod Bateman,128.92227897990728,11.428516228748068,0.14397217928902628,43.64896445131375
Raymond Calais,215.89,16.5,0.0,0.0
Reggie Bonnafon,161.9975,17.5,0.25,0.0
Reggie Gilliam,215.93,18.0,0.0,0.0
Rex Burkhead,107.95500000000001,15.75,0.0,31.325
Rhamondre Stevenson,181.4899269340974,14.987965616045845,0.19126074498567336,63.403553008595985
Richie James,213.35906432748538,17.748538011695906,0.07602339181286549,0.0
Ricky Seals-Jones,215.49,16.0,0.0,41.4
Rob Gronkowski,155.39027196167814,13.398439310824385,0.28764583172371166,92.30175384377657
Robby Anderson,64.20077315208157,5.767436471769522,0.1459025256816251,55.563914420329034
Robert Tonyan,119.84823988260736,10.378205128205128,0.14372876119864073,33.23137164040779
Robert Woods,37.23590902069817,3.4375193080012356,0.1688291628050664,103.2016295953043
Rodney Adams,199.3469230769231,17.53846153846154,0.0,0.0
Rodney Smith,86.396,18.0,0.0,5.84
Ronald Jones,101.68414581402534,8.984321902996601,0.11453506333024405,23.44358202038925
Rondale Moore,122.24739187519307,10.56425702811245,0.1409484090206982,51.42329317269077
Ross Dwelley,123.41142857142857,17.285714285714285,0.14285714285714285,3.242857142857143
Royce Freeman,170.48,17.42105263157895,0.15789473684210525,11.200000000000001
Russell Gage,116.78673694779116,10.116156935434043,0.16172381835032437,61.84243126351561
Russell Wilson,73.33834015602069,6.522514868309261,0.10512087742334131,99.7401251255117
Ryan Fitzpatrick,158.32365400974402,13.714329904879746,0.09519758719356584,0.003229448611862965
Ryan Griffin,107.97,16.5,0.0,27.15
Ryan Tannehill,110.47193002780352,9.714550509731232,0.1032591906085882,106.00128050664196
Ryquell Armstead,0.0,18.0,0.0,0.0
Sage Surratt,0.0,17.0,0.0,0.0
Salvon Ahmed,213.1755223880597,17.298009950248755,0.1482587064676617,8.521691542288556
Sam Darnold,184.21825107383094,15.671934516573467,0.14450117513574845,80.67962557743739
Sam Ehlinger,216.0,15.0,0.0,0.0
Samaje Perine,212.60928158546656,17.4644921552436,0.157308009909166,39.53835672997523
Sammy Watkins,176.6452663153628,15.070368869071746,0.16059991892987435,35.98967166599108
Saquon Barkley,8.31447173308619,1.169987642879209,0.1144578313253012,87.75600092678405
Scott Miller,215.03804627249357,17.62210796915167,0.20908311910882604,0.05038560411311054
Scottie Phillips,215.99,17.0,0.0,3.0
Seth Williams,0.0,18.0,0.5,0.0
Shane Buechele,107.995,17.0,0.0,0.0
Shawn Poindexter,0.0,17.0,0.0,0.0
Shelton Gibson,0.0,3.0,0.0,0.0
Shi Smith,107.995,18.0,0.5,0.0
Simi Fehoko,148.93241379310345,17.75862068965517,0.13793103448275862,0.0
Sony Michel,143.4037450199203,11.117397078353253,0.14634794156706507,56.44666666666667
Spencer Ware,0.0,1.0,0.0,0.0
Stefon Diggs,11.431620327463701,1.2411183194315725,0.17029657089898054,160.5317886932345
Sterling Shepard,158.19866599721922,13.548509192028426,0.16561099953653638,47.32253978062722
Steven Sims,71.99666666666667,18.0,0.3333333333333333,0.0
Stevie Scott,0.0,18.0,0.0,0.0
T.J. Hockenson,62.47745520543713,5.714087117701576,0.19524250849552055,99.05834877973432
T.Y. Hilton,150.8839628085925,12.934915036870793,0.1591856364219301,17.06221545367105
Tajae Sharpe,107.994,17.9,0.2,15.48
Tamorrion Terry,180.35500000000002,17.9,0.2,0.0
Tarik Cohen,186.1067456288776,15.877044557247602,0.1306636585824403,0.0
Tavon Austin,215.96666666666667,17.0,1.0,6.133333333333333
Taylor Heinicke,194.78725490196078,17.84313725490196,0.13725490196078433,107.21921568627451
Taysom Hill,207.04459503459503,17.001831501831504,0.14122914122914124,44.66746031746032
Teddy Bridgewater,209.63260008087343,17.14678528103518,0.14961585119288315,76.25066720582288
Tee Higgins,50.20793404386777,4.609901143033673,0.14504170528266913,112.66545412418907
Terrace Marshall,137.17625038616004,11.827849860982392,0.11947791164658635,3.6262202656780973
Terry McLaurin,30.20490770062563,3.017146829381324,0.13802425272263844,119.90769290183053
Tevin Coleman,182.69743786176372,15.446118488253319,0.1474293496765407,14.055745658835546
Thaddeus Moss,214.0995890410959,17.356164383561644,0.0684931506849315,0.0
Tim Boyle,0.0,11.5,0.0,0.0
Tim Patrick,214.99460538532963,17.517177344475396,0.18570102135561745,77.67845868152274
Tim Tebow,212.67034591194968,17.49685534591195,0.15723270440251572,0.0
Todd Gurley,211.36516816143498,16.89910313901345,0.1491031390134529,0.0
Tom Brady,101.0973625270312,8.848316342292247,0.314643188137164,249.2956780970034
Tommy Tremble,185.6346153846154,17.615384615384617,0.0,19.0
Tommylee Lewis,0.0,12.0,0.0,0.0
Tony Jones,200.66619128949617,16.25064047822374,0.12211784799316823,3.23134073441503
Tony Pollard,114.04132452888477,9.994439295644115,0.15670373802903922,88.54543558850789
Travis Etienne,54.60603550892767,5.083930192676283,0.07545647130031272,0.0
Travis Fulgham,211.38349983460137,17.416473701620905,0.14654316903738007,0.0
Travis Kelce,6.776116474859041,1.0011585695527923,0.12968255194253495,151.88199582914962
Trayveon Williams,0.0,13.0,0.0,0.0
Tre' McKitty,0.0,18.0,0.4,0.0
Tre'Quan Smith,147.20301691511546,12.636131922453078,0.15470765428284544,39.0899590638758
Trent Sherfield,215.70503546099292,17.46808510638298,0.14184397163120568,4.932624113475177
Trent Taylor,108.0,18.0,0.0,0.0
Trenton Cannon,215.98,16.5,0.0,0.0
Trevon Wesco,0.0,13.0,0.0,0.0
Trevor Lawrence,125.1905483472351,10.94470188446092,0.09939759036144578,61.16647049737411
Trey Burton,176.54999999999998,16.68421052631579,0.0,0.0
Trey Lance,115.24617006487487,10.009962928637627,0.10827927092987334,14.455142106889094
Trey Sermon,73.65411492122335,6.562017299969107,0.08881680568427557,17.485032437442076
Trinity Benson,154.25428571428571,17.428571428571427,0.14285714285714285,0.0
Tua Tagovailoa,143.83626573966782,12.482734646581692,0.15272305909617612,84.98902742371571
Tutu Atwell,215.18616200578592,17.647058823529413,0.16489874638379942,0.0
Ty Johnson,198.29095728368017,16.434830230010952,0.1592552026286966,56.68181818181818
Ty Montgomery,201.57066666666665,17.8,0.2,5.8
Ty'Son Williams,175.57425894378193,14.261925042589437,0.1358603066439523,28.191780238500854
Tylan Wallace,214.11670731707318,17.658536585365855,0.13821138211382114,0.0
Tyler Boyd,73.53486870559159,6.53768921841211,0.15353722582638246,80.40862063639172
Tyler Bray,0.0,2.0,0.0,0.0
Tyler Conklin,213.1987978628673,17.43633125556545,0.20391807658058772,66.74719501335709
Tyler Eifert,86.378,17.4,0.0,0.0
Tyler Higbee,98.28682035835651,8.601714550509731,0.15191535372258264,63.729502625888166
Tyler Huntley,215.98833333333334,17.833333333333332,0.0,19.41
Tyler Johnson,211.56556291390729,17.70198675496689,0.26490066225165565,15.17814569536424
Tyler Kroft,205.59660510114335,17.07080035180299,0.1248900615655233,11.495778364116095
Tyler Lockett,41.03044180118947,3.801961844442728,0.18135475399706497,143.56259365103884
Tyler Vaughns,0.0,18.0,0.0,0.0
Tyreek Hill,8.5206780970034,1.008649984553599,0.18419833178869324,189.35047111523014
Tyrell Williams,169.38072421875,14.37921875,0.13203125,0.0260625
Tyrod Taylor,215.1417847025496,17.63172804532578,0.1501416430594901,33.94725212464589
Tyron Johnson,213.25461192350957,17.45275590551181,0.18222722159730034,0.08998875140607424
Tyrone Swoopes,216.0,9.0,0.0,0.0
Van Jefferson,198.8364242738589,16.70124481327801,0.24761410788381744,99.54039419087137
Victor Bolden,0.0,18.0,0.0,0.0
Wayne Gallman,206.61883476599812,16.903533906399236,0.13514804202483285,6.175883476599808
Will Dissly,210.18265486725664,17.646017699115045,0.10619469026548672,14.24070796460177
William Fuller,83.81198795180723,7.523169601482855,0.11136855112758727,1.306780970033982
Willie Snead,166.1307692307692,16.615384615384617,0.15384615384615385,0.23846153846153847
Xavier Jones,180.876001138736,15.335547542228127,0.1391155817043082,0.0
Zach Ertz,191.17711420948447,16.029090283156897,0.23255013340218608,86.10785781908942
Zach Pascal,211.6018017057569,17.42910447761194,0.20309168443496803,43.65005330490405
Zach Wilson,176.50007814349985,15.105138527113427,0.1390796432236167,31.152728707869603
Zack Moss,106.15104958294718,9.408866234167439,0.12550200803212852,69.43881680568428
Zay Jones,107.99000000000001,18.0,0.5,11.862499999999999
